{
  "revenue": { "compareYear": 2.1203646765114, "currentYear": 0.5290619937800001, "gradient": -0.7504853765766101 },
  "shipment": { "compareYear": 286.863836666667, "currentYear": 94.3613, "gradient": -0.6710589208578183 },
  "ASP": { "compareYear": 7.3915370482032685, "currentYear": 5.60676881073067, "gradient": -0.2414610419772487 },
  "electrcity": {
    "compareYear": 840477.5050900942,
    "currentYear": 484191.42974373006,
    "gradient": -0.42390911498359773
  },
  "electrcityIntensity": {
    "compareYear": 396383.4685611333,
    "currentYear": 915188.4569978607,
    "gradient": 1.3088461794836768,
    "ASP": 694206.0985656069,
    "ASPGradient": -0.2414610419772486,
    "target": 388455.79918991064
  }
}
